metric,estimate,lower_95,upper_95,n_clusters
primary.primary_horizon_zero_effects_nats.recurrent_effect,0.3542148347874172,0.19477529800438786,0.5191204761822591,100
primary.primary_horizon_zero_effects_nats.kv_effect,3.51103275680216,2.959558127982251,4.077197206870593,100
primary.primary_horizon_zero_effects_nats.interaction,0.009200276746414602,-0.1781840715399012,0.19982662406016602,100
primary.primary_horizon_zero_effects_nats.full_difference,3.8652475915895774,3.269940651287441,4.476130700901616,100
primary.primary_horizon_zero_effects_nats.channel_contrast,3.156817922014743,2.602865214684978,3.7109025756181215,100
primary.primary_horizon_zero_effects_nats.recurrent_effect_at_KA,0.3496146964142099,0.17999418266199066,0.5210641921984497,100
primary.primary_horizon_zero_effects_nats.recurrent_effect_at_KB,0.3588149731606245,0.16104066524654626,0.5637947297897189,100
primary.primary_horizon_zero_effects_nats.kv_effect_at_RA,3.506432618428953,2.9626587702734395,4.060264681770699,100
primary.primary_horizon_zero_effects_nats.kv_effect_at_RB,3.5156328951753677,2.9454394635865464,4.105699818493332,100
primary.recipient_reference_and_zeroing.full.balanced_legal_candidate_accuracy,0.785,0.735,0.83,100
primary.recipient_reference_and_zeroing.full.changed_square_probe_accuracy,0.6096569909567192,0.5914059560404801,0.6284838723181111,100
primary.recipient_reference_and_zeroing.full.square_probe_accuracy,0.7871875,0.773125,0.801171875,100
primary.recipient_reference_and_zeroing.full.exact_board_probe_accuracy,0.005,0.0,0.015,100
primary.recipient_reference_and_zeroing.full.piece_and_rule_exact_probe_accuracy,0.005,0.0,0.015,100
primary.recipient_reference_and_zeroing.attention_content_zeroed.balanced_legal_candidate_accuracy,0.555,0.51,0.6,100
primary.recipient_reference_and_zeroing.attention_content_zeroed.changed_square_probe_accuracy,0.3288878948985069,0.31447488783704697,0.34290607240668824,100
primary.recipient_reference_and_zeroing.attention_content_zeroed.square_probe_accuracy,0.4046875,0.396015625,0.413359375,100
primary.recipient_reference_and_zeroing.attention_content_zeroed.exact_board_probe_accuracy,0.0,0.0,0.0,100
primary.recipient_reference_and_zeroing.attention_content_zeroed.piece_and_rule_exact_probe_accuracy,0.0,0.0,0.0,100
primary.recipient_reference_and_zeroing.recurrent_content_zeroed.balanced_legal_candidate_accuracy,0.495,0.475,0.515,100
primary.recipient_reference_and_zeroing.recurrent_content_zeroed.changed_square_probe_accuracy,0.33798736732313883,0.32446456237601984,0.3518595053727767,100
primary.recipient_reference_and_zeroing.recurrent_content_zeroed.square_probe_accuracy,0.3946875,0.386953125,0.40234375,100
primary.recipient_reference_and_zeroing.recurrent_content_zeroed.exact_board_probe_accuracy,0.0,0.0,0.0,100
primary.recipient_reference_and_zeroing.recurrent_content_zeroed.piece_and_rule_exact_probe_accuracy,0.0,0.0,0.0,100
primary.recipient_reference_and_zeroing.both_contents_zeroed.balanced_legal_candidate_accuracy,0.5,0.5,0.5,100
primary.recipient_reference_and_zeroing.both_contents_zeroed.changed_square_probe_accuracy,0.2642010558129981,0.2507920356908805,0.27786917777343145,100
primary.recipient_reference_and_zeroing.both_contents_zeroed.square_probe_accuracy,0.374296875,0.367265625,0.3815625,100
primary.recipient_reference_and_zeroing.both_contents_zeroed.exact_board_probe_accuracy,0.0,0.0,0.0,100
primary.recipient_reference_and_zeroing.both_contents_zeroed.piece_and_rule_exact_probe_accuracy,0.0,0.0,0.0,100
primary.held_out_cheap_baselines.initial_board.changed_square_accuracy,0.0,0.0,0.0,100
primary.held_out_cheap_baselines.initial_board.square_accuracy,0.619296875,0.601171875,0.636640625,100
primary.held_out_cheap_baselines.training_frequency.changed_square_accuracy,0.3943930672997132,0.3808238229639017,0.40860393276841095,100
primary.held_out_cheap_baselines.training_frequency.square_accuracy,0.676875,0.66640625,0.687578125,100
primary.held_out_cheap_baselines.orderless.changed_square_accuracy,0.5301816186019461,0.5136087464643351,0.546819352959004,100
primary.held_out_cheap_baselines.orderless.square_accuracy,0.7490625,0.7375,0.760703125,100
primary.held_out_cheap_baselines.last_move.changed_square_accuracy,0.3992018095955491,0.38520944272490576,0.4133797750568494,100
primary.held_out_cheap_baselines.last_move.square_accuracy,0.677734375,0.6667167968750001,0.6890625,100
primary.held_out_cheap_baselines.permutation.changed_square_accuracy,0.3821748170105781,0.366702817779398,0.3979853546619144,100
primary.held_out_cheap_baselines.permutation.square_accuracy,0.595390625,0.584765625,0.60625,100
primary.probe_donor_following_on_a_b_differing_squares.AA.a,0.6393492017057136,0.6181748226011081,0.6616461863552938,100
primary.probe_donor_following_on_a_b_differing_squares.AA.b,0.24540157913791222,0.2287916222213535,0.26190807501448377,100
primary.probe_donor_following_on_a_b_differing_squares.AA.neither,0.11524921915637412,0.10255139873634538,0.12749295164794072,100
primary.probe_donor_following_on_a_b_differing_squares.AA.b_minus_a_score,-0.3558811402019762,-0.38927230366009724,-0.3230386342314156,100
primary.probe_donor_following_on_a_b_differing_squares.BB.a,0.2522011333248334,0.229210115186822,0.274912878930253,100
primary.probe_donor_following_on_a_b_differing_squares.BB.b,0.644233757107495,0.6175206645585241,0.672113292869657,100
primary.probe_donor_following_on_a_b_differing_squares.BB.neither,0.10356510956767158,0.09118760485561211,0.115858453755192,100
primary.probe_donor_following_on_a_b_differing_squares.BB.b_minus_a_score,0.3491265468780751,0.315784861904767,0.3831488473147552,100
primary.probe_donor_following_on_a_b_differing_squares.BA.a,0.4540200931691474,0.4340956117868195,0.4738893028034659,100
primary.probe_donor_following_on_a_b_differing_squares.BA.b,0.4206198011207678,0.4022085834370833,0.43940439665969755,100
primary.probe_donor_following_on_a_b_differing_squares.BA.neither,0.12536010571008485,0.11311146832378967,0.1376803023073514,100
primary.probe_donor_following_on_a_b_differing_squares.BA.b_minus_a_score,-0.04100168039130735,-0.06776836011705009,-0.014173113025598585,100
primary.probe_donor_following_on_a_b_differing_squares.AB.a,0.4272939265573419,0.40371938398325513,0.4508045546079716,100
primary.probe_donor_following_on_a_b_differing_squares.AB.b,0.45761883653025015,0.43368302410472326,0.48179256166427586,100
primary.probe_donor_following_on_a_b_differing_squares.AB.neither,0.11508723691240798,0.10099490081804736,0.12954747840119335,100
primary.probe_donor_following_on_a_b_differing_squares.AB.b_minus_a_score,0.021655913079691155,-0.008621273102694893,0.051807071139262396,100
primary.secondary_subgroups.both_full_donors_correct.channel_contrast,4.451086286716817,3.70252245005645,5.2015058738735025,57
primary.secondary_subgroups.older_state.channel_contrast,2.555428909137845,1.6357557564238576,3.5646113224964786,38
primary.secondary_subgroups.shared_final_two_moves.channel_contrast,,,,0
transpositions.same_position.full_square_accuracy,0.89765625,0.8825455729166667,0.9125,30
transpositions.same_position.crossed_square_accuracy,0.8890625,0.8747395833333333,0.903125,30
transpositions.same_position.crossed_minus_full_square_accuracy,-0.00859375,-0.012760416666666666,-0.0046875,30
transpositions.same_position.full_legal_candidate_accuracy,0.5,0.3333333333333333,0.6666666666666666,30
transpositions.same_position.crossed_legal_candidate_accuracy,0.5,0.3333333333333333,0.6666666666666666,30
transpositions.same_position.crossed_minus_full_legal_candidate_accuracy,0.0,0.0,0.0,30
transpositions.different_position_effects_nats.channel_contrast,2.5075733394051594,1.3993725021548258,3.679813463212146,30
transpositions.different_position_effects_nats.full_difference,2.5391102035840354,1.449927206649445,3.707694078688509,30
transpositions.different_position_effects_nats.interaction,0.06519017101575932,-0.20582694396919882,0.32679622402337066,30
transpositions.different_position_effects_nats.kv_effect,2.5233417714945974,1.446036693865899,3.6696247810812195,30
transpositions.different_position_effects_nats.kv_effect_at_RA,2.4907466859867173,1.3550513818239174,3.686455664130238,30
transpositions.different_position_effects_nats.kv_effect_at_RB,2.555936857002477,1.5234441976373396,3.6579071784958552,30
transpositions.different_position_effects_nats.recurrent_effect,0.015768432089438043,-0.20562122822118303,0.23138112104303823,30
transpositions.different_position_effects_nats.recurrent_effect_at_KA,-0.016826653418441615,-0.311560488686276,0.2933786179187397,30
transpositions.different_position_effects_nats.recurrent_effect_at_KB,0.0483635175973177,-0.16507836198123793,0.2491767675740023,30
continuations.horizons.0.effects_nats.channel_contrast,3.693532086268533,2.609297172886727,4.850420764787122,32
continuations.horizons.0.effects_nats.full_difference,4.519847157062031,3.3951065599016146,5.716444953529572,32
continuations.horizons.0.effects_nats.interaction,-0.046242641808930784,-0.39940660898137137,0.3051612242154078,32
continuations.horizons.0.effects_nats.kv_effect,4.106689621665282,3.040338470824645,5.252271798747825,32
continuations.horizons.0.effects_nats.kv_effect_at_RA,4.129810942569748,3.089415449959051,5.23327000624995,32
continuations.horizons.0.effects_nats.kv_effect_at_RB,4.083568300760817,2.975692008927581,5.287397468712879,32
continuations.horizons.0.effects_nats.recurrent_effect,0.41315753539674915,0.1241966358567879,0.7064235384998028,32
continuations.horizons.0.effects_nats.recurrent_effect_at_KA,0.43627885630121455,0.10355768087756588,0.7739634489102172,32
continuations.horizons.0.effects_nats.recurrent_effect_at_KB,0.39003621449228376,0.049692271969979634,0.7375921624014153,32
continuations.horizons.0.full_balanced_legal_candidate_accuracy,0.8125,0.734375,0.890625,32
continuations.horizons.0.full_square_probe_accuracy,0.816650390625,0.795654296875,0.83642578125,32
continuations.horizons.0.full_exact_board_probe_accuracy,0.015625,0.0,0.046875,32
continuations.horizons.0.changed_squares_current_prediction_accuracy,,,,0
continuations.horizons.0.changed_squares_static_horizon_zero_prediction_accuracy,,,,0
continuations.horizons.0.untouched_differing_squares_b_agreement.BA_recurrent_from_B,0.43759927256587267,0.4002884509415532,0.47581220099048305,32
continuations.horizons.0.untouched_differing_squares_b_agreement.AB_kv_from_B,0.4779230882790074,0.4297012678405941,0.5248200581034071,32
continuations.horizons.0.untouched_differing_squares_neither.BA_recurrent_from_B,0.09809732868073928,0.07836980240297417,0.11831356658101558,32
continuations.horizons.0.untouched_differing_squares_neither.AB_kv_from_B,0.09527696481787723,0.0721975962771754,0.11786226924199515,32
continuations.horizons.1.effects_nats.channel_contrast,2.8117678782728035,1.795075591152272,3.8791583386897392,32
continuations.horizons.1.effects_nats.full_difference,2.7031089794181753,1.5799376622220735,3.889497586726793,32
continuations.horizons.1.effects_nats.interaction,0.12687217915663496,-0.11696849778527393,0.3881242211034987,32
continuations.horizons.1.effects_nats.kv_effect,2.7574384288454894,1.6957181432844664,3.8600141057555444,32
continuations.horizons.1.effects_nats.kv_effect_at_RA,2.694002339267172,1.6227794176971657,3.813198094032122,32
continuations.horizons.1.effects_nats.kv_effect_at_RB,2.820874518423807,1.7609621602590777,3.921006147761363,32
continuations.horizons.1.effects_nats.recurrent_effect,-0.0543294494273141,-0.24047200734712532,0.13912045179895338,32
continuations.horizons.1.effects_nats.recurrent_effect_at_KA,-0.11776553900563158,-0.35554965159026325,0.11437237851932877,32
continuations.horizons.1.effects_nats.recurrent_effect_at_KB,0.009106640151003376,-0.2123497357715678,0.22620136643599834,32
continuations.horizons.1.full_balanced_legal_candidate_accuracy,0.65625,0.546875,0.765625,32
continuations.horizons.1.full_square_probe_accuracy,0.810302734375,0.78662109375,0.83251953125,32
continuations.horizons.1.full_exact_board_probe_accuracy,0.0,0.0,0.0,32
continuations.horizons.1.changed_squares_current_prediction_accuracy,0.6484375,0.5703125,0.7265625,32
continuations.horizons.1.changed_squares_static_horizon_zero_prediction_accuracy,0.078125,0.0234375,0.1484375,32
continuations.horizons.1.untouched_differing_squares_b_agreement.BA_recurrent_from_B,0.3945035964520316,0.35352361348839856,0.43556957374486593,32
continuations.horizons.1.untouched_differing_squares_b_agreement.AB_kv_from_B,0.5104802154681045,0.459625445099352,0.5628877215134073,32
continuations.horizons.1.untouched_differing_squares_neither.BA_recurrent_from_B,0.10205836238754465,0.08062425194515949,0.12600408866452123,32
continuations.horizons.1.untouched_differing_squares_neither.AB_kv_from_B,0.0947991196757664,0.07507133394021895,0.11509345400744854,32
continuations.horizons.2.effects_nats.channel_contrast,2.7123058240977116,1.9846762583285453,3.4778377839917085,32
continuations.horizons.2.effects_nats.full_difference,2.8158294042223133,2.0299934447946724,3.6547681460477177,32
continuations.horizons.2.effects_nats.interaction,0.0191308103967458,-0.14146209192695097,0.19103743913583424,32
continuations.horizons.2.effects_nats.kv_effect,2.7640676141600125,2.0207185715175,3.5505575587536438,32
continuations.horizons.2.effects_nats.kv_effect_at_RA,2.7545022089616396,2.0069514906499535,3.5485277670770303,32
continuations.horizons.2.effects_nats.kv_effect_at_RB,2.7736330193583854,2.03062718117435,3.556118637560575,32
continuations.horizons.2.effects_nats.recurrent_effect,0.05176179006230086,-0.11142955329560209,0.21498551263939586,32
continuations.horizons.2.effects_nats.recurrent_effect_at_KA,0.04219638486392796,-0.15782297255937008,0.24334618679131378,32
continuations.horizons.2.effects_nats.recurrent_effect_at_KB,0.06132719526067376,-0.10107788486639038,0.22065058750740707,32
continuations.horizons.2.full_balanced_legal_candidate_accuracy,0.75,0.65625,0.84375,32
continuations.horizons.2.full_square_probe_accuracy,0.801025390625,0.776611328125,0.824462890625,32
continuations.horizons.2.full_exact_board_probe_accuracy,0.0,0.0,0.0,32
continuations.horizons.2.changed_squares_current_prediction_accuracy,0.6451822916666666,0.5807291666666667,0.7096354166666666,32
continuations.horizons.2.changed_squares_static_horizon_zero_prediction_accuracy,0.10026041666666666,0.05989583333333333,0.14583333333333334,32
continuations.horizons.2.untouched_differing_squares_b_agreement.BA_recurrent_from_B,0.37793277603249387,0.3351522118608877,0.42216465787634727,32
continuations.horizons.2.untouched_differing_squares_b_agreement.AB_kv_from_B,0.4808397029378306,0.43631424271505287,0.5271538753640888,32
continuations.horizons.2.untouched_differing_squares_neither.BA_recurrent_from_B,0.09875197806829819,0.07707881398987632,0.12032555067285311,32
continuations.horizons.2.untouched_differing_squares_neither.AB_kv_from_B,0.09424640488656297,0.07145219918733059,0.1164077089567624,32
continuations.horizons.4.effects_nats.channel_contrast,3.5826866434072144,2.641458210741985,4.57294477634714,32
continuations.horizons.4.effects_nats.full_difference,4.014146375149721,2.961636369660846,5.109915100198122,32
continuations.horizons.4.effects_nats.interaction,0.1433261433558073,-0.022123659982025853,0.3269022600026801,32
continuations.horizons.4.effects_nats.kv_effect,3.798416509278468,2.8165678008183024,4.826214871405681,32
continuations.horizons.4.effects_nats.kv_effect_at_RA,3.726753437600564,2.7136425946198868,4.789607908052857,32
continuations.horizons.4.effects_nats.kv_effect_at_RB,3.8700795809563715,2.9090531415407894,4.8674698330432875,32
continuations.horizons.4.effects_nats.recurrent_effect,0.21572986587125342,0.056632484877263786,0.3718742444685631,32
continuations.horizons.4.effects_nats.recurrent_effect_at_KA,0.14406679419334978,-0.03345739403157495,0.3194554376619635,32
continuations.horizons.4.effects_nats.recurrent_effect_at_KB,0.28739293754915707,0.10974574500069138,0.4768005388279561,32
continuations.horizons.4.full_balanced_legal_candidate_accuracy,0.71875,0.640625,0.796875,32
continuations.horizons.4.full_square_probe_accuracy,0.763427734375,0.738519287109375,0.7880859375,32
continuations.horizons.4.full_exact_board_probe_accuracy,0.0,0.0,0.0,32
continuations.horizons.4.changed_squares_current_prediction_accuracy,0.6117424242424242,0.5425133167613637,0.681572237441378,32
continuations.horizons.4.changed_squares_static_horizon_zero_prediction_accuracy,0.09594550414862915,0.05616921164772728,0.14400516042117603,32
continuations.horizons.4.untouched_differing_squares_b_agreement.BA_recurrent_from_B,0.3837672731756514,0.3451815338630341,0.421819751253223,32
continuations.horizons.4.untouched_differing_squares_b_agreement.AB_kv_from_B,0.47873975401793634,0.4374802401528295,0.5175451061621487,32
continuations.horizons.4.untouched_differing_squares_neither.BA_recurrent_from_B,0.10863506205717949,0.08963084825789217,0.12864685346179852,32
continuations.horizons.4.untouched_differing_squares_neither.AB_kv_from_B,0.09636672568385043,0.0746173419275569,0.11996947070232358,32
